"","X","name","ID","sigma","beta"
"1",1,"Billy's Lake",1,0.12,1
"2",2,"Billy's Lake",2,0.12,2
"3",3,"Billy's Lake",3,0.12,3
"4",4,"Billy's Lake",4,0.12,4
"5",5,"Billy's Lake",5,0.12,5
"6",6,"Billy's Lake",6,0.12,6
"7",7,"Billy's Lake",7,0.12,7
"8",8,"Billy's Lake",8,0.12,8
"9",9,"Billy's Lake",9,0.12,9
"10",10,"Billy's Lake",10,0.12,10
"11",11,"Billy's Lake",11,0.12,11
"12",12,"Billy's Lake",12,0.12,12
"13",13,"Billy's Lake",13,0.12,13
"14",14,"Billy's Lake",14,0.12,14
"15",15,"Billy's Lake",15,0.12,15
"16",16,"Billy's Lake",16,0.12,16
"17",17,"Billy's Lake",17,0.12,17
"18",18,"Billy's Lake",18,0.12,18
"19",19,"Billy's Lake",19,0.12,19
"20",20,"Billy's Lake",20,0.12,20
"21",21,"Blue Mounds Creek",21,0.12,1
"22",22,"Blue Mounds Creek",22,0.12,2
"23",23,"Blue Mounds Creek",23,0.12,3
"24",24,"Blue Mounds Creek",24,0.12,4
"25",25,"Blue Mounds Creek",25,0.12,5
"26",26,"Blue Mounds Creek",26,0.12,6
"27",27,"Blue Mounds Creek",27,0.12,7
"28",28,"Blue Mounds Creek",28,0.12,8
"29",29,"Blue Mounds Creek",29,0.12,9
"30",30,"Blue Mounds Creek",30,0.12,10
"31",31,"Blue Mounds Creek",31,0.12,11
"32",32,"Blue Mounds Creek",32,0.12,12
"33",33,"Blue Mounds Creek",33,0.12,13
"34",34,"Blue Mounds Creek",34,0.12,14
"35",35,"Blue Mounds Creek",35,0.12,15
"36",36,"Blue Mounds Creek",36,0.12,16
"37",37,"Blue Mounds Creek",37,0.12,17
"38",38,"Blue Mounds Creek",38,0.12,18
"39",39,"Blue Mounds Creek",39,0.12,19
"40",40,"Blue Mounds Creek",40,0.12,20
"41",41,"Bog D Pond",41,0.12,1
"42",42,"Bog D Pond",42,0.12,2
"43",43,"Bog D Pond",43,0.12,3
"44",44,"Bog D Pond",44,0.12,4
"45",45,"Bog D Pond",45,0.12,5
"46",46,"Bog D Pond",46,0.12,6
"47",47,"Bog D Pond",47,0.12,7
"48",48,"Bog D Pond",48,0.12,8
"49",49,"Bog D Pond",49,0.12,9
"50",50,"Bog D Pond",50,0.12,10
"51",51,"Bog D Pond",51,0.12,11
"52",52,"Bog D Pond",52,0.12,12
"53",53,"Bog D Pond",53,0.12,13
"54",54,"Bog D Pond",54,0.12,14
"55",55,"Bog D Pond",55,0.12,15
"56",56,"Bog D Pond",56,0.12,16
"57",57,"Bog D Pond",57,0.12,17
"58",58,"Bog D Pond",58,0.12,18
"59",59,"Bog D Pond",59,0.12,19
"60",60,"Bog D Pond",60,0.12,20
"61",61,"Camp 11 Lake",61,0.12,1
"62",62,"Camp 11 Lake",62,0.12,2
"63",63,"Camp 11 Lake",63,0.12,3
"64",64,"Camp 11 Lake",64,0.12,4
"65",65,"Camp 11 Lake",65,0.12,5
"66",66,"Camp 11 Lake",66,0.12,6
"67",67,"Camp 11 Lake",67,0.12,7
"68",68,"Camp 11 Lake",68,0.12,8
"69",69,"Camp 11 Lake",69,0.12,9
"70",70,"Camp 11 Lake",70,0.12,10
"71",71,"Camp 11 Lake",71,0.12,11
"72",72,"Camp 11 Lake",72,0.12,12
"73",73,"Camp 11 Lake",73,0.12,13
"74",74,"Camp 11 Lake",74,0.12,14
"75",75,"Camp 11 Lake",75,0.12,15
"76",76,"Camp 11 Lake",76,0.12,16
"77",77,"Camp 11 Lake",77,0.12,17
"78",78,"Camp 11 Lake",78,0.12,18
"79",79,"Camp 11 Lake",79,0.12,19
"80",80,"Camp 11 Lake",80,0.12,20
"81",81,"Canyon Lake",81,0.12,1
"82",82,"Canyon Lake",82,0.12,2
"83",83,"Canyon Lake",83,0.12,3
"84",84,"Canyon Lake",84,0.12,4
"85",85,"Canyon Lake",85,0.12,5
"86",86,"Canyon Lake",86,0.12,6
"87",87,"Canyon Lake",87,0.12,7
"88",88,"Canyon Lake",88,0.12,8
"89",89,"Canyon Lake",89,0.12,9
"90",90,"Canyon Lake",90,0.12,10
"91",91,"Canyon Lake",91,0.12,11
"92",92,"Canyon Lake",92,0.12,12
"93",93,"Canyon Lake",93,0.12,13
"94",94,"Canyon Lake",94,0.12,14
"95",95,"Canyon Lake",95,0.12,15
"96",96,"Canyon Lake",96,0.12,16
"97",97,"Canyon Lake",97,0.12,17
"98",98,"Canyon Lake",98,0.12,18
"99",99,"Canyon Lake",99,0.12,19
"100",100,"Canyon Lake",100,0.12,20
"101",101,"Capitola Lake",101,0.12,1
"102",102,"Capitola Lake",102,0.12,2
"103",103,"Capitola Lake",103,0.12,3
"104",104,"Capitola Lake",104,0.12,4
"105",105,"Capitola Lake",105,0.12,5
"106",106,"Capitola Lake",106,0.12,6
"107",107,"Capitola Lake",107,0.12,7
"108",108,"Capitola Lake",108,0.12,8
"109",109,"Capitola Lake",109,0.12,9
"110",110,"Capitola Lake",110,0.12,10
"111",111,"Capitola Lake",111,0.12,11
"112",112,"Capitola Lake",112,0.12,12
"113",113,"Capitola Lake",113,0.12,13
"114",114,"Capitola Lake",114,0.12,14
"115",115,"Capitola Lake",115,0.12,15
"116",116,"Capitola Lake",116,0.12,16
"117",117,"Capitola Lake",117,0.12,17
"118",118,"Capitola Lake",118,0.12,18
"119",119,"Capitola Lake",119,0.12,19
"120",120,"Capitola Lake",120,0.12,20
"121",121,"Cedar Bog",121,0.12,1
"122",122,"Cedar Bog",122,0.12,2
"123",123,"Cedar Bog",123,0.12,3
"124",124,"Cedar Bog",124,0.12,4
"125",125,"Cedar Bog",125,0.12,5
"126",126,"Cedar Bog",126,0.12,6
"127",127,"Cedar Bog",127,0.12,7
"128",128,"Cedar Bog",128,0.12,8
"129",129,"Cedar Bog",129,0.12,9
"130",130,"Cedar Bog",130,0.12,10
"131",131,"Cedar Bog",131,0.12,11
"132",132,"Cedar Bog",132,0.12,12
"133",133,"Cedar Bog",133,0.12,13
"134",134,"Cedar Bog",134,0.12,14
"135",135,"Cedar Bog",135,0.12,15
"136",136,"Cedar Bog",136,0.12,16
"137",137,"Cedar Bog",137,0.12,17
"138",138,"Cedar Bog",138,0.12,18
"139",139,"Cedar Bog",139,0.12,19
"140",140,"Cedar Bog",140,0.12,20
"141",141,"Chippewa Bog",141,0.12,1
"142",142,"Chippewa Bog",142,0.12,2
"143",143,"Chippewa Bog",143,0.12,3
"144",144,"Chippewa Bog",144,0.12,4
"145",145,"Chippewa Bog",145,0.12,5
"146",146,"Chippewa Bog",146,0.12,6
"147",147,"Chippewa Bog",147,0.12,7
"148",148,"Chippewa Bog",148,0.12,8
"149",149,"Chippewa Bog",149,0.12,9
"150",150,"Chippewa Bog",150,0.12,10
"151",151,"Chippewa Bog",151,0.12,11
"152",152,"Chippewa Bog",152,0.12,12
"153",153,"Chippewa Bog",153,0.12,13
"154",154,"Chippewa Bog",154,0.12,14
"155",155,"Chippewa Bog",155,0.12,15
"156",156,"Chippewa Bog",156,0.12,16
"157",157,"Chippewa Bog",157,0.12,17
"158",158,"Chippewa Bog",158,0.12,18
"159",159,"Chippewa Bog",159,0.12,19
"160",160,"Chippewa Bog",160,0.12,20
"161",161,"Crooked Lake",161,0.12,1
"162",162,"Crooked Lake",162,0.12,2
"163",163,"Crooked Lake",163,0.12,3
"164",164,"Crooked Lake",164,0.12,4
"165",165,"Crooked Lake",165,0.12,5
"166",166,"Crooked Lake",166,0.12,6
"167",167,"Crooked Lake",167,0.12,7
"168",168,"Crooked Lake",168,0.12,8
"169",169,"Crooked Lake",169,0.12,9
"170",170,"Crooked Lake",170,0.12,10
"171",171,"Crooked Lake",171,0.12,11
"172",172,"Crooked Lake",172,0.12,12
"173",173,"Crooked Lake",173,0.12,13
"174",174,"Crooked Lake",174,0.12,14
"175",175,"Crooked Lake",175,0.12,15
"176",176,"Crooked Lake",176,0.12,16
"177",177,"Crooked Lake",177,0.12,17
"178",178,"Crooked Lake",178,0.12,18
"179",179,"Crooked Lake",179,0.12,19
"180",180,"Crooked Lake",180,0.12,20
"181",181,"Cub Lake",181,0.12,1
"182",182,"Cub Lake",182,0.12,2
"183",183,"Cub Lake",183,0.12,3
"184",184,"Cub Lake",184,0.12,4
"185",185,"Cub Lake",185,0.12,5
"186",186,"Cub Lake",186,0.12,6
"187",187,"Cub Lake",187,0.12,7
"188",188,"Cub Lake",188,0.12,8
"189",189,"Cub Lake",189,0.12,9
"190",190,"Cub Lake",190,0.12,10
"191",191,"Cub Lake",191,0.12,11
"192",192,"Cub Lake",192,0.12,12
"193",193,"Cub Lake",193,0.12,13
"194",194,"Cub Lake",194,0.12,14
"195",195,"Cub Lake",195,0.12,15
"196",196,"Cub Lake",196,0.12,16
"197",197,"Cub Lake",197,0.12,17
"198",198,"Cub Lake",198,0.12,18
"199",199,"Cub Lake",199,0.12,19
"200",200,"Cub Lake",200,0.12,20
"201",201,"Demont Lake",201,0.12,1
"202",202,"Demont Lake",202,0.12,2
"203",203,"Demont Lake",203,0.12,3
"204",204,"Demont Lake",204,0.12,4
"205",205,"Demont Lake",205,0.12,5
"206",206,"Demont Lake",206,0.12,6
"207",207,"Demont Lake",207,0.12,7
"208",208,"Demont Lake",208,0.12,8
"209",209,"Demont Lake",209,0.12,9
"210",210,"Demont Lake",210,0.12,10
"211",211,"Demont Lake",211,0.12,11
"212",212,"Demont Lake",212,0.12,12
"213",213,"Demont Lake",213,0.12,13
"214",214,"Demont Lake",214,0.12,14
"215",215,"Demont Lake",215,0.12,15
"216",216,"Demont Lake",216,0.12,16
"217",217,"Demont Lake",217,0.12,17
"218",218,"Demont Lake",218,0.12,18
"219",219,"Demont Lake",219,0.12,19
"220",220,"Demont Lake",220,0.12,20
"221",221,"Devils Lake",221,0.12,1
"222",222,"Devils Lake",222,0.12,2
"223",223,"Devils Lake",223,0.12,3
"224",224,"Devils Lake",224,0.12,4
"225",225,"Devils Lake",225,0.12,5
"226",226,"Devils Lake",226,0.12,6
"227",227,"Devils Lake",227,0.12,7
"228",228,"Devils Lake",228,0.12,8
"229",229,"Devils Lake",229,0.12,9
"230",230,"Devils Lake",230,0.12,10
"231",231,"Devils Lake",231,0.12,11
"232",232,"Devils Lake",232,0.12,12
"233",233,"Devils Lake",233,0.12,13
"234",234,"Devils Lake",234,0.12,14
"235",235,"Devils Lake",235,0.12,15
"236",236,"Devils Lake",236,0.12,16
"237",237,"Devils Lake",237,0.12,17
"238",238,"Devils Lake",238,0.12,18
"239",239,"Devils Lake",239,0.12,19
"240",240,"Devils Lake",240,0.12,20
"241",241,"Disterhaft Farm Bog",241,0.12,1
"242",242,"Disterhaft Farm Bog",242,0.12,2
"243",243,"Disterhaft Farm Bog",243,0.12,3
"244",244,"Disterhaft Farm Bog",244,0.12,4
"245",245,"Disterhaft Farm Bog",245,0.12,5
"246",246,"Disterhaft Farm Bog",246,0.12,6
"247",247,"Disterhaft Farm Bog",247,0.12,7
"248",248,"Disterhaft Farm Bog",248,0.12,8
"249",249,"Disterhaft Farm Bog",249,0.12,9
"250",250,"Disterhaft Farm Bog",250,0.12,10
"251",251,"Disterhaft Farm Bog",251,0.12,11
"252",252,"Disterhaft Farm Bog",252,0.12,12
"253",253,"Disterhaft Farm Bog",253,0.12,13
"254",254,"Disterhaft Farm Bog",254,0.12,14
"255",255,"Disterhaft Farm Bog",255,0.12,15
"256",256,"Disterhaft Farm Bog",256,0.12,16
"257",257,"Disterhaft Farm Bog",257,0.12,17
"258",258,"Disterhaft Farm Bog",258,0.12,18
"259",259,"Disterhaft Farm Bog",259,0.12,19
"260",260,"Disterhaft Farm Bog",260,0.12,20
"261",261,"East Soldier Lake",261,0.12,1
"262",262,"East Soldier Lake",262,0.12,2
"263",263,"East Soldier Lake",263,0.12,3
"264",264,"East Soldier Lake",264,0.12,4
"265",265,"East Soldier Lake",265,0.12,5
"266",266,"East Soldier Lake",266,0.12,6
"267",267,"East Soldier Lake",267,0.12,7
"268",268,"East Soldier Lake",268,0.12,8
"269",269,"East Soldier Lake",269,0.12,9
"270",270,"East Soldier Lake",270,0.12,10
"271",271,"East Soldier Lake",271,0.12,11
"272",272,"East Soldier Lake",272,0.12,12
"273",273,"East Soldier Lake",273,0.12,13
"274",274,"East Soldier Lake",274,0.12,14
"275",275,"East Soldier Lake",275,0.12,15
"276",276,"East Soldier Lake",276,0.12,16
"277",277,"East Soldier Lake",277,0.12,17
"278",278,"East Soldier Lake",278,0.12,18
"279",279,"East Soldier Lake",279,0.12,19
"280",280,"East Soldier Lake",280,0.12,20
"281",281,"Emrick Lake",281,0.12,1
"282",282,"Emrick Lake",282,0.12,2
"283",283,"Emrick Lake",283,0.12,3
"284",284,"Emrick Lake",284,0.12,4
"285",285,"Emrick Lake",285,0.12,5
"286",286,"Emrick Lake",286,0.12,6
"287",287,"Emrick Lake",287,0.12,7
"288",288,"Emrick Lake",288,0.12,8
"289",289,"Emrick Lake",289,0.12,9
"290",290,"Emrick Lake",290,0.12,10
"291",291,"Emrick Lake",291,0.12,11
"292",292,"Emrick Lake",292,0.12,12
"293",293,"Emrick Lake",293,0.12,13
"294",294,"Emrick Lake",294,0.12,14
"295",295,"Emrick Lake",295,0.12,15
"296",296,"Emrick Lake",296,0.12,16
"297",297,"Emrick Lake",297,0.12,17
"298",298,"Emrick Lake",298,0.12,18
"299",299,"Emrick Lake",299,0.12,19
"300",300,"Emrick Lake",300,0.12,20
"301",301,"Fox Lake",301,0.12,1
"302",302,"Fox Lake",302,0.12,2
"303",303,"Fox Lake",303,0.12,3
"304",304,"Fox Lake",304,0.12,4
"305",305,"Fox Lake",305,0.12,5
"306",306,"Fox Lake",306,0.12,6
"307",307,"Fox Lake",307,0.12,7
"308",308,"Fox Lake",308,0.12,8
"309",309,"Fox Lake",309,0.12,9
"310",310,"Fox Lake",310,0.12,10
"311",311,"Fox Lake",311,0.12,11
"312",312,"Fox Lake",312,0.12,12
"313",313,"Fox Lake",313,0.12,13
"314",314,"Fox Lake",314,0.12,14
"315",315,"Fox Lake",315,0.12,15
"316",316,"Fox Lake",316,0.12,16
"317",317,"Fox Lake",317,0.12,17
"318",318,"Fox Lake",318,0.12,18
"319",319,"Fox Lake",319,0.12,19
"320",320,"Fox Lake",320,0.12,20
"321",321,"Frains Lake",321,0.12,1
"322",322,"Frains Lake",322,0.12,2
"323",323,"Frains Lake",323,0.12,3
"324",324,"Frains Lake",324,0.12,4
"325",325,"Frains Lake",325,0.12,5
"326",326,"Frains Lake",326,0.12,6
"327",327,"Frains Lake",327,0.12,7
"328",328,"Frains Lake",328,0.12,8
"329",329,"Frains Lake",329,0.12,9
"330",330,"Frains Lake",330,0.12,10
"331",331,"Frains Lake",331,0.12,11
"332",332,"Frains Lake",332,0.12,12
"333",333,"Frains Lake",333,0.12,13
"334",334,"Frains Lake",334,0.12,14
"335",335,"Frains Lake",335,0.12,15
"336",336,"Frains Lake",336,0.12,16
"337",337,"Frains Lake",337,0.12,17
"338",338,"Frains Lake",338,0.12,18
"339",339,"Frains Lake",339,0.12,19
"340",340,"Frains Lake",340,0.12,20
"341",341,"Gass Lake",341,0.12,1
"342",342,"Gass Lake",342,0.12,2
"343",343,"Gass Lake",343,0.12,3
"344",344,"Gass Lake",344,0.12,4
"345",345,"Gass Lake",345,0.12,5
"346",346,"Gass Lake",346,0.12,6
"347",347,"Gass Lake",347,0.12,7
"348",348,"Gass Lake",348,0.12,8
"349",349,"Gass Lake",349,0.12,9
"350",350,"Gass Lake",350,0.12,10
"351",351,"Gass Lake",351,0.12,11
"352",352,"Gass Lake",352,0.12,12
"353",353,"Gass Lake",353,0.12,13
"354",354,"Gass Lake",354,0.12,14
"355",355,"Gass Lake",355,0.12,15
"356",356,"Gass Lake",356,0.12,16
"357",357,"Gass Lake",357,0.12,17
"358",358,"Gass Lake",358,0.12,18
"359",359,"Gass Lake",359,0.12,19
"360",360,"Gass Lake",360,0.12,20
"361",361,"Glimmerglass Lake",361,0.12,1
"362",362,"Glimmerglass Lake",362,0.12,2
"363",363,"Glimmerglass Lake",363,0.12,3
"364",364,"Glimmerglass Lake",364,0.12,4
"365",365,"Glimmerglass Lake",365,0.12,5
"366",366,"Glimmerglass Lake",366,0.12,6
"367",367,"Glimmerglass Lake",367,0.12,7
"368",368,"Glimmerglass Lake",368,0.12,8
"369",369,"Glimmerglass Lake",369,0.12,9
"370",370,"Glimmerglass Lake",370,0.12,10
"371",371,"Glimmerglass Lake",371,0.12,11
"372",372,"Glimmerglass Lake",372,0.12,12
"373",373,"Glimmerglass Lake",373,0.12,13
"374",374,"Glimmerglass Lake",374,0.12,14
"375",375,"Glimmerglass Lake",375,0.12,15
"376",376,"Glimmerglass Lake",376,0.12,16
"377",377,"Glimmerglass Lake",377,0.12,17
"378",378,"Glimmerglass Lake",378,0.12,18
"379",379,"Glimmerglass Lake",379,0.12,19
"380",380,"Glimmerglass Lake",380,0.12,20
"381",381,"Green Lake",381,0.12,1
"382",382,"Green Lake",382,0.12,2
"383",383,"Green Lake",383,0.12,3
"384",384,"Green Lake",384,0.12,4
"385",385,"Green Lake",385,0.12,5
"386",386,"Green Lake",386,0.12,6
"387",387,"Green Lake",387,0.12,7
"388",388,"Green Lake",388,0.12,8
"389",389,"Green Lake",389,0.12,9
"390",390,"Green Lake",390,0.12,10
"391",391,"Green Lake",391,0.12,11
"392",392,"Green Lake",392,0.12,12
"393",393,"Green Lake",393,0.12,13
"394",394,"Green Lake",394,0.12,14
"395",395,"Green Lake",395,0.12,15
"396",396,"Green Lake",396,0.12,16
"397",397,"Green Lake",397,0.12,17
"398",398,"Green Lake",398,0.12,18
"399",399,"Green Lake",399,0.12,19
"400",400,"Green Lake",400,0.12,20
"401",401,"Hemlock Lake",401,0.12,1
"402",402,"Hemlock Lake",402,0.12,2
"403",403,"Hemlock Lake",403,0.12,3
"404",404,"Hemlock Lake",404,0.12,4
"405",405,"Hemlock Lake",405,0.12,5
"406",406,"Hemlock Lake",406,0.12,6
"407",407,"Hemlock Lake",407,0.12,7
"408",408,"Hemlock Lake",408,0.12,8
"409",409,"Hemlock Lake",409,0.12,9
"410",410,"Hemlock Lake",410,0.12,10
"411",411,"Hemlock Lake",411,0.12,11
"412",412,"Hemlock Lake",412,0.12,12
"413",413,"Hemlock Lake",413,0.12,13
"414",414,"Hemlock Lake",414,0.12,14
"415",415,"Hemlock Lake",415,0.12,15
"416",416,"Hemlock Lake",416,0.12,16
"417",417,"Hemlock Lake",417,0.12,17
"418",418,"Hemlock Lake",418,0.12,18
"419",419,"Hemlock Lake",419,0.12,19
"420",420,"Hemlock Lake",420,0.12,20
"421",421,"Irvin Lake",421,0.12,1
"422",422,"Irvin Lake",422,0.12,2
"423",423,"Irvin Lake",423,0.12,3
"424",424,"Irvin Lake",424,0.12,4
"425",425,"Irvin Lake",425,0.12,5
"426",426,"Irvin Lake",426,0.12,6
"427",427,"Irvin Lake",427,0.12,7
"428",428,"Irvin Lake",428,0.12,8
"429",429,"Irvin Lake",429,0.12,9
"430",430,"Irvin Lake",430,0.12,10
"431",431,"Irvin Lake",431,0.12,11
"432",432,"Irvin Lake",432,0.12,12
"433",433,"Irvin Lake",433,0.12,13
"434",434,"Irvin Lake",434,0.12,14
"435",435,"Irvin Lake",435,0.12,15
"436",436,"Irvin Lake",436,0.12,16
"437",437,"Irvin Lake",437,0.12,17
"438",438,"Irvin Lake",438,0.12,18
"439",439,"Irvin Lake",439,0.12,19
"440",440,"Irvin Lake",440,0.12,20
"441",441,"Jacobson Lake",441,0.12,1
"442",442,"Jacobson Lake",442,0.12,2
"443",443,"Jacobson Lake",443,0.12,3
"444",444,"Jacobson Lake",444,0.12,4
"445",445,"Jacobson Lake",445,0.12,5
"446",446,"Jacobson Lake",446,0.12,6
"447",447,"Jacobson Lake",447,0.12,7
"448",448,"Jacobson Lake",448,0.12,8
"449",449,"Jacobson Lake",449,0.12,9
"450",450,"Jacobson Lake",450,0.12,10
"451",451,"Jacobson Lake",451,0.12,11
"452",452,"Jacobson Lake",452,0.12,12
"453",453,"Jacobson Lake",453,0.12,13
"454",454,"Jacobson Lake",454,0.12,14
"455",455,"Jacobson Lake",455,0.12,15
"456",456,"Jacobson Lake",456,0.12,16
"457",457,"Jacobson Lake",457,0.12,17
"458",458,"Jacobson Lake",458,0.12,18
"459",459,"Jacobson Lake",459,0.12,19
"460",460,"Jacobson Lake",460,0.12,20
"461",461,"Jay Lake",461,0.12,1
"462",462,"Jay Lake",462,0.12,2
"463",463,"Jay Lake",463,0.12,3
"464",464,"Jay Lake",464,0.12,4
"465",465,"Jay Lake",465,0.12,5
"466",466,"Jay Lake",466,0.12,6
"467",467,"Jay Lake",467,0.12,7
"468",468,"Jay Lake",468,0.12,8
"469",469,"Jay Lake",469,0.12,9
"470",470,"Jay Lake",470,0.12,10
"471",471,"Jay Lake",471,0.12,11
"472",472,"Jay Lake",472,0.12,12
"473",473,"Jay Lake",473,0.12,13
"474",474,"Jay Lake",474,0.12,14
"475",475,"Jay Lake",475,0.12,15
"476",476,"Jay Lake",476,0.12,16
"477",477,"Jay Lake",477,0.12,17
"478",478,"Jay Lake",478,0.12,18
"479",479,"Jay Lake",479,0.12,19
"480",480,"Jay Lake",480,0.12,20
"481",481,"Kellners Lake",481,0.12,1
"482",482,"Kellners Lake",482,0.12,2
"483",483,"Kellners Lake",483,0.12,3
"484",484,"Kellners Lake",484,0.12,4
"485",485,"Kellners Lake",485,0.12,5
"486",486,"Kellners Lake",486,0.12,6
"487",487,"Kellners Lake",487,0.12,7
"488",488,"Kellners Lake",488,0.12,8
"489",489,"Kellners Lake",489,0.12,9
"490",490,"Kellners Lake",490,0.12,10
"491",491,"Kellners Lake",491,0.12,11
"492",492,"Kellners Lake",492,0.12,12
"493",493,"Kellners Lake",493,0.12,13
"494",494,"Kellners Lake",494,0.12,14
"495",495,"Kellners Lake",495,0.12,15
"496",496,"Kellners Lake",496,0.12,16
"497",497,"Kellners Lake",497,0.12,17
"498",498,"Kellners Lake",498,0.12,18
"499",499,"Kellners Lake",499,0.12,19
"500",500,"Kellners Lake",500,0.12,20
"501",501,"Kellys Hollow",501,0.12,1
"502",502,"Kellys Hollow",502,0.12,2
"503",503,"Kellys Hollow",503,0.12,3
"504",504,"Kellys Hollow",504,0.12,4
"505",505,"Kellys Hollow",505,0.12,5
"506",506,"Kellys Hollow",506,0.12,6
"507",507,"Kellys Hollow",507,0.12,7
"508",508,"Kellys Hollow",508,0.12,8
"509",509,"Kellys Hollow",509,0.12,9
"510",510,"Kellys Hollow",510,0.12,10
"511",511,"Kellys Hollow",511,0.12,11
"512",512,"Kellys Hollow",512,0.12,12
"513",513,"Kellys Hollow",513,0.12,13
"514",514,"Kellys Hollow",514,0.12,14
"515",515,"Kellys Hollow",515,0.12,15
"516",516,"Kellys Hollow",516,0.12,16
"517",517,"Kellys Hollow",517,0.12,17
"518",518,"Kellys Hollow",518,0.12,18
"519",519,"Kellys Hollow",519,0.12,19
"520",520,"Kellys Hollow",520,0.12,20
"521",521,"Kimble Pond",521,0.12,1
"522",522,"Kimble Pond",522,0.12,2
"523",523,"Kimble Pond",523,0.12,3
"524",524,"Kimble Pond",524,0.12,4
"525",525,"Kimble Pond",525,0.12,5
"526",526,"Kimble Pond",526,0.12,6
"527",527,"Kimble Pond",527,0.12,7
"528",528,"Kimble Pond",528,0.12,8
"529",529,"Kimble Pond",529,0.12,9
"530",530,"Kimble Pond",530,0.12,10
"531",531,"Kimble Pond",531,0.12,11
"532",532,"Kimble Pond",532,0.12,12
"533",533,"Kimble Pond",533,0.12,13
"534",534,"Kimble Pond",534,0.12,14
"535",535,"Kimble Pond",535,0.12,15
"536",536,"Kimble Pond",536,0.12,16
"537",537,"Kimble Pond",537,0.12,17
"538",538,"Kimble Pond",538,0.12,18
"539",539,"Kimble Pond",539,0.12,19
"540",540,"Kimble Pond",540,0.12,20
"541",541,"Kirchner Marsh",541,0.12,1
"542",542,"Kirchner Marsh",542,0.12,2
"543",543,"Kirchner Marsh",543,0.12,3
"544",544,"Kirchner Marsh",544,0.12,4
"545",545,"Kirchner Marsh",545,0.12,5
"546",546,"Kirchner Marsh",546,0.12,6
"547",547,"Kirchner Marsh",547,0.12,7
"548",548,"Kirchner Marsh",548,0.12,8
"549",549,"Kirchner Marsh",549,0.12,9
"550",550,"Kirchner Marsh",550,0.12,10
"551",551,"Kirchner Marsh",551,0.12,11
"552",552,"Kirchner Marsh",552,0.12,12
"553",553,"Kirchner Marsh",553,0.12,13
"554",554,"Kirchner Marsh",554,0.12,14
"555",555,"Kirchner Marsh",555,0.12,15
"556",556,"Kirchner Marsh",556,0.12,16
"557",557,"Kirchner Marsh",557,0.12,17
"558",558,"Kirchner Marsh",558,0.12,18
"559",559,"Kirchner Marsh",559,0.12,19
"560",560,"Kirchner Marsh",560,0.12,20
"561",561,"Kitchner Lake",561,0.12,1
"562",562,"Kitchner Lake",562,0.12,2
"563",563,"Kitchner Lake",563,0.12,3
"564",564,"Kitchner Lake",564,0.12,4
"565",565,"Kitchner Lake",565,0.12,5
"566",566,"Kitchner Lake",566,0.12,6
"567",567,"Kitchner Lake",567,0.12,7
"568",568,"Kitchner Lake",568,0.12,8
"569",569,"Kitchner Lake",569,0.12,9
"570",570,"Kitchner Lake",570,0.12,10
"571",571,"Kitchner Lake",571,0.12,11
"572",572,"Kitchner Lake",572,0.12,12
"573",573,"Kitchner Lake",573,0.12,13
"574",574,"Kitchner Lake",574,0.12,14
"575",575,"Kitchner Lake",575,0.12,15
"576",576,"Kitchner Lake",576,0.12,16
"577",577,"Kitchner Lake",577,0.12,17
"578",578,"Kitchner Lake",578,0.12,18
"579",579,"Kitchner Lake",579,0.12,19
"580",580,"Kitchner Lake",580,0.12,20
"581",581,"Lake Mary",581,0.12,1
"582",582,"Lake Mary",582,0.12,2
"583",583,"Lake Mary",583,0.12,3
"584",584,"Lake Mary",584,0.12,4
"585",585,"Lake Mary",585,0.12,5
"586",586,"Lake Mary",586,0.12,6
"587",587,"Lake Mary",587,0.12,7
"588",588,"Lake Mary",588,0.12,8
"589",589,"Lake Mary",589,0.12,9
"590",590,"Lake Mary",590,0.12,10
"591",591,"Lake Mary",591,0.12,11
"592",592,"Lake Mary",592,0.12,12
"593",593,"Lake Mary",593,0.12,13
"594",594,"Lake Mary",594,0.12,14
"595",595,"Lake Mary",595,0.12,15
"596",596,"Lake Mary",596,0.12,16
"597",597,"Lake Mary",597,0.12,17
"598",598,"Lake Mary",598,0.12,18
"599",599,"Lake Mary",599,0.12,19
"600",600,"Lake Mary",600,0.12,20
"601",601,"Lake Mendota",601,0.12,1
"602",602,"Lake Mendota",602,0.12,2
"603",603,"Lake Mendota",603,0.12,3
"604",604,"Lake Mendota",604,0.12,4
"605",605,"Lake Mendota",605,0.12,5
"606",606,"Lake Mendota",606,0.12,6
"607",607,"Lake Mendota",607,0.12,7
"608",608,"Lake Mendota",608,0.12,8
"609",609,"Lake Mendota",609,0.12,9
"610",610,"Lake Mendota",610,0.12,10
"611",611,"Lake Mendota",611,0.12,11
"612",612,"Lake Mendota",612,0.12,12
"613",613,"Lake Mendota",613,0.12,13
"614",614,"Lake Mendota",614,0.12,14
"615",615,"Lake Mendota",615,0.12,15
"616",616,"Lake Mendota",616,0.12,16
"617",617,"Lake Mendota",617,0.12,17
"618",618,"Lake Mendota",618,0.12,18
"619",619,"Lake Mendota",619,0.12,19
"620",620,"Lake Mendota",620,0.12,20
"621",621,"Lake Minnie",621,0.12,1
"622",622,"Lake Minnie",622,0.12,2
"623",623,"Lake Minnie",623,0.12,3
"624",624,"Lake Minnie",624,0.12,4
"625",625,"Lake Minnie",625,0.12,5
"626",626,"Lake Minnie",626,0.12,6
"627",627,"Lake Minnie",627,0.12,7
"628",628,"Lake Minnie",628,0.12,8
"629",629,"Lake Minnie",629,0.12,9
"630",630,"Lake Minnie",630,0.12,10
"631",631,"Lake Minnie",631,0.12,11
"632",632,"Lake Minnie",632,0.12,12
"633",633,"Lake Minnie",633,0.12,13
"634",634,"Lake Minnie",634,0.12,14
"635",635,"Lake Minnie",635,0.12,15
"636",636,"Lake Minnie",636,0.12,16
"637",637,"Lake Minnie",637,0.12,17
"638",638,"Lake Minnie",638,0.12,18
"639",639,"Lake Minnie",639,0.12,19
"640",640,"Lake Minnie",640,0.12,20
"641",641,"Lake O' Pines",641,0.12,1
"642",642,"Lake O' Pines",642,0.12,2
"643",643,"Lake O' Pines",643,0.12,3
"644",644,"Lake O' Pines",644,0.12,4
"645",645,"Lake O' Pines",645,0.12,5
"646",646,"Lake O' Pines",646,0.12,6
"647",647,"Lake O' Pines",647,0.12,7
"648",648,"Lake O' Pines",648,0.12,8
"649",649,"Lake O' Pines",649,0.12,9
"650",650,"Lake O' Pines",650,0.12,10
"651",651,"Lake O' Pines",651,0.12,11
"652",652,"Lake O' Pines",652,0.12,12
"653",653,"Lake O' Pines",653,0.12,13
"654",654,"Lake O' Pines",654,0.12,14
"655",655,"Lake O' Pines",655,0.12,15
"656",656,"Lake O' Pines",656,0.12,16
"657",657,"Lake O' Pines",657,0.12,17
"658",658,"Lake O' Pines",658,0.12,18
"659",659,"Lake O' Pines",659,0.12,19
"660",660,"Lake O' Pines",660,0.12,20
"661",661,"Lily Lake",661,0.12,1
"662",662,"Lily Lake",662,0.12,2
"663",663,"Lily Lake",663,0.12,3
"664",664,"Lily Lake",664,0.12,4
"665",665,"Lily Lake",665,0.12,5
"666",666,"Lily Lake",666,0.12,6
"667",667,"Lily Lake",667,0.12,7
"668",668,"Lily Lake",668,0.12,8
"669",669,"Lily Lake",669,0.12,9
"670",670,"Lily Lake",670,0.12,10
"671",671,"Lily Lake",671,0.12,11
"672",672,"Lily Lake",672,0.12,12
"673",673,"Lily Lake",673,0.12,13
"674",674,"Lily Lake",674,0.12,14
"675",675,"Lily Lake",675,0.12,15
"676",676,"Lily Lake",676,0.12,16
"677",677,"Lily Lake",677,0.12,17
"678",678,"Lily Lake",678,0.12,18
"679",679,"Lily Lake",679,0.12,19
"680",680,"Lily Lake",680,0.12,20
"681",681,"Lima Bog",681,0.12,1
"682",682,"Lima Bog",682,0.12,2
"683",683,"Lima Bog",683,0.12,3
"684",684,"Lima Bog",684,0.12,4
"685",685,"Lima Bog",685,0.12,5
"686",686,"Lima Bog",686,0.12,6
"687",687,"Lima Bog",687,0.12,7
"688",688,"Lima Bog",688,0.12,8
"689",689,"Lima Bog",689,0.12,9
"690",690,"Lima Bog",690,0.12,10
"691",691,"Lima Bog",691,0.12,11
"692",692,"Lima Bog",692,0.12,12
"693",693,"Lima Bog",693,0.12,13
"694",694,"Lima Bog",694,0.12,14
"695",695,"Lima Bog",695,0.12,15
"696",696,"Lima Bog",696,0.12,16
"697",697,"Lima Bog",697,0.12,17
"698",698,"Lima Bog",698,0.12,18
"699",699,"Lima Bog",699,0.12,19
"700",700,"Lima Bog",700,0.12,20
"701",701,"Little Bass Lake",701,0.12,1
"702",702,"Little Bass Lake",702,0.12,2
"703",703,"Little Bass Lake",703,0.12,3
"704",704,"Little Bass Lake",704,0.12,4
"705",705,"Little Bass Lake",705,0.12,5
"706",706,"Little Bass Lake",706,0.12,6
"707",707,"Little Bass Lake",707,0.12,7
"708",708,"Little Bass Lake",708,0.12,8
"709",709,"Little Bass Lake",709,0.12,9
"710",710,"Little Bass Lake",710,0.12,10
"711",711,"Little Bass Lake",711,0.12,11
"712",712,"Little Bass Lake",712,0.12,12
"713",713,"Little Bass Lake",713,0.12,13
"714",714,"Little Bass Lake",714,0.12,14
"715",715,"Little Bass Lake",715,0.12,15
"716",716,"Little Bass Lake",716,0.12,16
"717",717,"Little Bass Lake",717,0.12,17
"718",718,"Little Bass Lake",718,0.12,18
"719",719,"Little Bass Lake",719,0.12,19
"720",720,"Little Bass Lake",720,0.12,20
"721",721,"Lorraine Lake",721,0.12,1
"722",722,"Lorraine Lake",722,0.12,2
"723",723,"Lorraine Lake",723,0.12,3
"724",724,"Lorraine Lake",724,0.12,4
"725",725,"Lorraine Lake",725,0.12,5
"726",726,"Lorraine Lake",726,0.12,6
"727",727,"Lorraine Lake",727,0.12,7
"728",728,"Lorraine Lake",728,0.12,8
"729",729,"Lorraine Lake",729,0.12,9
"730",730,"Lorraine Lake",730,0.12,10
"731",731,"Lorraine Lake",731,0.12,11
"732",732,"Lorraine Lake",732,0.12,12
"733",733,"Lorraine Lake",733,0.12,13
"734",734,"Lorraine Lake",734,0.12,14
"735",735,"Lorraine Lake",735,0.12,15
"736",736,"Lorraine Lake",736,0.12,16
"737",737,"Lorraine Lake",737,0.12,17
"738",738,"Lorraine Lake",738,0.12,18
"739",739,"Lorraine Lake",739,0.12,19
"740",740,"Lorraine Lake",740,0.12,20
"741",741,"Mud Lake",741,0.12,1
"742",742,"Mud Lake",742,0.12,2
"743",743,"Mud Lake",743,0.12,3
"744",744,"Mud Lake",744,0.12,4
"745",745,"Mud Lake",745,0.12,5
"746",746,"Mud Lake",746,0.12,6
"747",747,"Mud Lake",747,0.12,7
"748",748,"Mud Lake",748,0.12,8
"749",749,"Mud Lake",749,0.12,9
"750",750,"Mud Lake",750,0.12,10
"751",751,"Mud Lake",751,0.12,11
"752",752,"Mud Lake",752,0.12,12
"753",753,"Mud Lake",753,0.12,13
"754",754,"Mud Lake",754,0.12,14
"755",755,"Mud Lake",755,0.12,15
"756",756,"Mud Lake",756,0.12,16
"757",757,"Mud Lake",757,0.12,17
"758",758,"Mud Lake",758,0.12,18
"759",759,"Mud Lake",759,0.12,19
"760",760,"Mud Lake",760,0.12,20
"761",761,"Myrtle Lake",761,0.12,1
"762",762,"Myrtle Lake",762,0.12,2
"763",763,"Myrtle Lake",763,0.12,3
"764",764,"Myrtle Lake",764,0.12,4
"765",765,"Myrtle Lake",765,0.12,5
"766",766,"Myrtle Lake",766,0.12,6
"767",767,"Myrtle Lake",767,0.12,7
"768",768,"Myrtle Lake",768,0.12,8
"769",769,"Myrtle Lake",769,0.12,9
"770",770,"Myrtle Lake",770,0.12,10
"771",771,"Myrtle Lake",771,0.12,11
"772",772,"Myrtle Lake",772,0.12,12
"773",773,"Myrtle Lake",773,0.12,13
"774",774,"Myrtle Lake",774,0.12,14
"775",775,"Myrtle Lake",775,0.12,15
"776",776,"Myrtle Lake",776,0.12,16
"777",777,"Myrtle Lake",777,0.12,17
"778",778,"Myrtle Lake",778,0.12,18
"779",779,"Myrtle Lake",779,0.12,19
"780",780,"Myrtle Lake",780,0.12,20
"781",781,"Penegor Lake",781,0.12,1
"782",782,"Penegor Lake",782,0.12,2
"783",783,"Penegor Lake",783,0.12,3
"784",784,"Penegor Lake",784,0.12,4
"785",785,"Penegor Lake",785,0.12,5
"786",786,"Penegor Lake",786,0.12,6
"787",787,"Penegor Lake",787,0.12,7
"788",788,"Penegor Lake",788,0.12,8
"789",789,"Penegor Lake",789,0.12,9
"790",790,"Penegor Lake",790,0.12,10
"791",791,"Penegor Lake",791,0.12,11
"792",792,"Penegor Lake",792,0.12,12
"793",793,"Penegor Lake",793,0.12,13
"794",794,"Penegor Lake",794,0.12,14
"795",795,"Penegor Lake",795,0.12,15
"796",796,"Penegor Lake",796,0.12,16
"797",797,"Penegor Lake",797,0.12,17
"798",798,"Penegor Lake",798,0.12,18
"799",799,"Penegor Lake",799,0.12,19
"800",800,"Penegor Lake",800,0.12,20
"801",801,"Pogonia Bog Pond",801,0.12,1
"802",802,"Pogonia Bog Pond",802,0.12,2
"803",803,"Pogonia Bog Pond",803,0.12,3
"804",804,"Pogonia Bog Pond",804,0.12,4
"805",805,"Pogonia Bog Pond",805,0.12,5
"806",806,"Pogonia Bog Pond",806,0.12,6
"807",807,"Pogonia Bog Pond",807,0.12,7
"808",808,"Pogonia Bog Pond",808,0.12,8
"809",809,"Pogonia Bog Pond",809,0.12,9
"810",810,"Pogonia Bog Pond",810,0.12,10
"811",811,"Pogonia Bog Pond",811,0.12,11
"812",812,"Pogonia Bog Pond",812,0.12,12
"813",813,"Pogonia Bog Pond",813,0.12,13
"814",814,"Pogonia Bog Pond",814,0.12,14
"815",815,"Pogonia Bog Pond",815,0.12,15
"816",816,"Pogonia Bog Pond",816,0.12,16
"817",817,"Pogonia Bog Pond",817,0.12,17
"818",818,"Pogonia Bog Pond",818,0.12,18
"819",819,"Pogonia Bog Pond",819,0.12,19
"820",820,"Pogonia Bog Pond",820,0.12,20
"821",821,"Portage Lake",821,0.12,1
"822",822,"Portage Lake",822,0.12,2
"823",823,"Portage Lake",823,0.12,3
"824",824,"Portage Lake",824,0.12,4
"825",825,"Portage Lake",825,0.12,5
"826",826,"Portage Lake",826,0.12,6
"827",827,"Portage Lake",827,0.12,7
"828",828,"Portage Lake",828,0.12,8
"829",829,"Portage Lake",829,0.12,9
"830",830,"Portage Lake",830,0.12,10
"831",831,"Portage Lake",831,0.12,11
"832",832,"Portage Lake",832,0.12,12
"833",833,"Portage Lake",833,0.12,13
"834",834,"Portage Lake",834,0.12,14
"835",835,"Portage Lake",835,0.12,15
"836",836,"Portage Lake",836,0.12,16
"837",837,"Portage Lake",837,0.12,17
"838",838,"Portage Lake",838,0.12,18
"839",839,"Portage Lake",839,0.12,19
"840",840,"Portage Lake",840,0.12,20
"841",841,"Quallen Lake [Terhell Pond]",841,0.12,1
"842",842,"Quallen Lake [Terhell Pond]",842,0.12,2
"843",843,"Quallen Lake [Terhell Pond]",843,0.12,3
"844",844,"Quallen Lake [Terhell Pond]",844,0.12,4
"845",845,"Quallen Lake [Terhell Pond]",845,0.12,5
"846",846,"Quallen Lake [Terhell Pond]",846,0.12,6
"847",847,"Quallen Lake [Terhell Pond]",847,0.12,7
"848",848,"Quallen Lake [Terhell Pond]",848,0.12,8
"849",849,"Quallen Lake [Terhell Pond]",849,0.12,9
"850",850,"Quallen Lake [Terhell Pond]",850,0.12,10
"851",851,"Quallen Lake [Terhell Pond]",851,0.12,11
"852",852,"Quallen Lake [Terhell Pond]",852,0.12,12
"853",853,"Quallen Lake [Terhell Pond]",853,0.12,13
"854",854,"Quallen Lake [Terhell Pond]",854,0.12,14
"855",855,"Quallen Lake [Terhell Pond]",855,0.12,15
"856",856,"Quallen Lake [Terhell Pond]",856,0.12,16
"857",857,"Quallen Lake [Terhell Pond]",857,0.12,17
"858",858,"Quallen Lake [Terhell Pond]",858,0.12,18
"859",859,"Quallen Lake [Terhell Pond]",859,0.12,19
"860",860,"Quallen Lake [Terhell Pond]",860,0.12,20
"861",861,"Qually Pond",861,0.12,1
"862",862,"Qually Pond",862,0.12,2
"863",863,"Qually Pond",863,0.12,3
"864",864,"Qually Pond",864,0.12,4
"865",865,"Qually Pond",865,0.12,5
"866",866,"Qually Pond",866,0.12,6
"867",867,"Qually Pond",867,0.12,7
"868",868,"Qually Pond",868,0.12,8
"869",869,"Qually Pond",869,0.12,9
"870",870,"Qually Pond",870,0.12,10
"871",871,"Qually Pond",871,0.12,11
"872",872,"Qually Pond",872,0.12,12
"873",873,"Qually Pond",873,0.12,13
"874",874,"Qually Pond",874,0.12,14
"875",875,"Qually Pond",875,0.12,15
"876",876,"Qually Pond",876,0.12,16
"877",877,"Qually Pond",877,0.12,17
"878",878,"Qually Pond",878,0.12,18
"879",879,"Qually Pond",879,0.12,19
"880",880,"Qually Pond",880,0.12,20
"881",881,"Radtke Lake",881,0.12,1
"882",882,"Radtke Lake",882,0.12,2
"883",883,"Radtke Lake",883,0.12,3
"884",884,"Radtke Lake",884,0.12,4
"885",885,"Radtke Lake",885,0.12,5
"886",886,"Radtke Lake",886,0.12,6
"887",887,"Radtke Lake",887,0.12,7
"888",888,"Radtke Lake",888,0.12,8
"889",889,"Radtke Lake",889,0.12,9
"890",890,"Radtke Lake",890,0.12,10
"891",891,"Radtke Lake",891,0.12,11
"892",892,"Radtke Lake",892,0.12,12
"893",893,"Radtke Lake",893,0.12,13
"894",894,"Radtke Lake",894,0.12,14
"895",895,"Radtke Lake",895,0.12,15
"896",896,"Radtke Lake",896,0.12,16
"897",897,"Radtke Lake",897,0.12,17
"898",898,"Radtke Lake",898,0.12,18
"899",899,"Radtke Lake",899,0.12,19
"900",900,"Radtke Lake",900,0.12,20
"901",901,"Reidel Lake",901,0.12,1
"902",902,"Reidel Lake",902,0.12,2
"903",903,"Reidel Lake",903,0.12,3
"904",904,"Reidel Lake",904,0.12,4
"905",905,"Reidel Lake",905,0.12,5
"906",906,"Reidel Lake",906,0.12,6
"907",907,"Reidel Lake",907,0.12,7
"908",908,"Reidel Lake",908,0.12,8
"909",909,"Reidel Lake",909,0.12,9
"910",910,"Reidel Lake",910,0.12,10
"911",911,"Reidel Lake",911,0.12,11
"912",912,"Reidel Lake",912,0.12,12
"913",913,"Reidel Lake",913,0.12,13
"914",914,"Reidel Lake",914,0.12,14
"915",915,"Reidel Lake",915,0.12,15
"916",916,"Reidel Lake",916,0.12,16
"917",917,"Reidel Lake",917,0.12,17
"918",918,"Reidel Lake",918,0.12,18
"919",919,"Reidel Lake",919,0.12,19
"920",920,"Reidel Lake",920,0.12,20
"921",921,"Rossburg Bog",921,0.12,1
"922",922,"Rossburg Bog",922,0.12,2
"923",923,"Rossburg Bog",923,0.12,3
"924",924,"Rossburg Bog",924,0.12,4
"925",925,"Rossburg Bog",925,0.12,5
"926",926,"Rossburg Bog",926,0.12,6
"927",927,"Rossburg Bog",927,0.12,7
"928",928,"Rossburg Bog",928,0.12,8
"929",929,"Rossburg Bog",929,0.12,9
"930",930,"Rossburg Bog",930,0.12,10
"931",931,"Rossburg Bog",931,0.12,11
"932",932,"Rossburg Bog",932,0.12,12
"933",933,"Rossburg Bog",933,0.12,13
"934",934,"Rossburg Bog",934,0.12,14
"935",935,"Rossburg Bog",935,0.12,15
"936",936,"Rossburg Bog",936,0.12,16
"937",937,"Rossburg Bog",937,0.12,17
"938",938,"Rossburg Bog",938,0.12,18
"939",939,"Rossburg Bog",939,0.12,19
"940",940,"Rossburg Bog",940,0.12,20
"941",941,"Rutz Lake",941,0.12,1
"942",942,"Rutz Lake",942,0.12,2
"943",943,"Rutz Lake",943,0.12,3
"944",944,"Rutz Lake",944,0.12,4
"945",945,"Rutz Lake",945,0.12,5
"946",946,"Rutz Lake",946,0.12,6
"947",947,"Rutz Lake",947,0.12,7
"948",948,"Rutz Lake",948,0.12,8
"949",949,"Rutz Lake",949,0.12,9
"950",950,"Rutz Lake",950,0.12,10
"951",951,"Rutz Lake",951,0.12,11
"952",952,"Rutz Lake",952,0.12,12
"953",953,"Rutz Lake",953,0.12,13
"954",954,"Rutz Lake",954,0.12,14
"955",955,"Rutz Lake",955,0.12,15
"956",956,"Rutz Lake",956,0.12,16
"957",957,"Rutz Lake",957,0.12,17
"958",958,"Rutz Lake",958,0.12,18
"959",959,"Rutz Lake",959,0.12,19
"960",960,"Rutz Lake",960,0.12,20
"961",961,"Ryerse Lake",961,0.12,1
"962",962,"Ryerse Lake",962,0.12,2
"963",963,"Ryerse Lake",963,0.12,3
"964",964,"Ryerse Lake",964,0.12,4
"965",965,"Ryerse Lake",965,0.12,5
"966",966,"Ryerse Lake",966,0.12,6
"967",967,"Ryerse Lake",967,0.12,7
"968",968,"Ryerse Lake",968,0.12,8
"969",969,"Ryerse Lake",969,0.12,9
"970",970,"Ryerse Lake",970,0.12,10
"971",971,"Ryerse Lake",971,0.12,11
"972",972,"Ryerse Lake",972,0.12,12
"973",973,"Ryerse Lake",973,0.12,13
"974",974,"Ryerse Lake",974,0.12,14
"975",975,"Ryerse Lake",975,0.12,15
"976",976,"Ryerse Lake",976,0.12,16
"977",977,"Ryerse Lake",977,0.12,17
"978",978,"Ryerse Lake",978,0.12,18
"979",979,"Ryerse Lake",979,0.12,19
"980",980,"Ryerse Lake",980,0.12,20
"981",981,"Seidel",981,0.12,1
"982",982,"Seidel",982,0.12,2
"983",983,"Seidel",983,0.12,3
"984",984,"Seidel",984,0.12,4
"985",985,"Seidel",985,0.12,5
"986",986,"Seidel",986,0.12,6
"987",987,"Seidel",987,0.12,7
"988",988,"Seidel",988,0.12,8
"989",989,"Seidel",989,0.12,9
"990",990,"Seidel",990,0.12,10
"991",991,"Seidel",991,0.12,11
"992",992,"Seidel",992,0.12,12
"993",993,"Seidel",993,0.12,13
"994",994,"Seidel",994,0.12,14
"995",995,"Seidel",995,0.12,15
"996",996,"Seidel",996,0.12,16
"997",997,"Seidel",997,0.12,17
"998",998,"Seidel",998,0.12,18
"999",999,"Seidel",999,0.12,19
"1000",1000,"Seidel",1000,0.12,20
"1001",1001,"Sharkey Lake",1001,0.12,1
"1002",1002,"Sharkey Lake",1002,0.12,2
"1003",1003,"Sharkey Lake",1003,0.12,3
"1004",1004,"Sharkey Lake",1004,0.12,4
"1005",1005,"Sharkey Lake",1005,0.12,5
"1006",1006,"Sharkey Lake",1006,0.12,6
"1007",1007,"Sharkey Lake",1007,0.12,7
"1008",1008,"Sharkey Lake",1008,0.12,8
"1009",1009,"Sharkey Lake",1009,0.12,9
"1010",1010,"Sharkey Lake",1010,0.12,10
"1011",1011,"Sharkey Lake",1011,0.12,11
"1012",1012,"Sharkey Lake",1012,0.12,12
"1013",1013,"Sharkey Lake",1013,0.12,13
"1014",1014,"Sharkey Lake",1014,0.12,14
"1015",1015,"Sharkey Lake",1015,0.12,15
"1016",1016,"Sharkey Lake",1016,0.12,16
"1017",1017,"Sharkey Lake",1017,0.12,17
"1018",1018,"Sharkey Lake",1018,0.12,18
"1019",1019,"Sharkey Lake",1019,0.12,19
"1020",1020,"Sharkey Lake",1020,0.12,20
"1021",1021,"South Rhody peatland",1021,0.12,1
"1022",1022,"South Rhody peatland",1022,0.12,2
"1023",1023,"South Rhody peatland",1023,0.12,3
"1024",1024,"South Rhody peatland",1024,0.12,4
"1025",1025,"South Rhody peatland",1025,0.12,5
"1026",1026,"South Rhody peatland",1026,0.12,6
"1027",1027,"South Rhody peatland",1027,0.12,7
"1028",1028,"South Rhody peatland",1028,0.12,8
"1029",1029,"South Rhody peatland",1029,0.12,9
"1030",1030,"South Rhody peatland",1030,0.12,10
"1031",1031,"South Rhody peatland",1031,0.12,11
"1032",1032,"South Rhody peatland",1032,0.12,12
"1033",1033,"South Rhody peatland",1033,0.12,13
"1034",1034,"South Rhody peatland",1034,0.12,14
"1035",1035,"South Rhody peatland",1035,0.12,15
"1036",1036,"South Rhody peatland",1036,0.12,16
"1037",1037,"South Rhody peatland",1037,0.12,17
"1038",1038,"South Rhody peatland",1038,0.12,18
"1039",1039,"South Rhody peatland",1039,0.12,19
"1040",1040,"South Rhody peatland",1040,0.12,20
"1041",1041,"Spirit Lake",1041,0.12,1
"1042",1042,"Spirit Lake",1042,0.12,2
"1043",1043,"Spirit Lake",1043,0.12,3
"1044",1044,"Spirit Lake",1044,0.12,4
"1045",1045,"Spirit Lake",1045,0.12,5
"1046",1046,"Spirit Lake",1046,0.12,6
"1047",1047,"Spirit Lake",1047,0.12,7
"1048",1048,"Spirit Lake",1048,0.12,8
"1049",1049,"Spirit Lake",1049,0.12,9
"1050",1050,"Spirit Lake",1050,0.12,10
"1051",1051,"Spirit Lake",1051,0.12,11
"1052",1052,"Spirit Lake",1052,0.12,12
"1053",1053,"Spirit Lake",1053,0.12,13
"1054",1054,"Spirit Lake",1054,0.12,14
"1055",1055,"Spirit Lake",1055,0.12,15
"1056",1056,"Spirit Lake",1056,0.12,16
"1057",1057,"Spirit Lake",1057,0.12,17
"1058",1058,"Spirit Lake",1058,0.12,18
"1059",1059,"Spirit Lake",1059,0.12,19
"1060",1060,"Spirit Lake",1060,0.12,20
"1061",1061,"Stewart's Dark Lake",1061,0.12,1
"1062",1062,"Stewart's Dark Lake",1062,0.12,2
"1063",1063,"Stewart's Dark Lake",1063,0.12,3
"1064",1064,"Stewart's Dark Lake",1064,0.12,4
"1065",1065,"Stewart's Dark Lake",1065,0.12,5
"1066",1066,"Stewart's Dark Lake",1066,0.12,6
"1067",1067,"Stewart's Dark Lake",1067,0.12,7
"1068",1068,"Stewart's Dark Lake",1068,0.12,8
"1069",1069,"Stewart's Dark Lake",1069,0.12,9
"1070",1070,"Stewart's Dark Lake",1070,0.12,10
"1071",1071,"Stewart's Dark Lake",1071,0.12,11
"1072",1072,"Stewart's Dark Lake",1072,0.12,12
"1073",1073,"Stewart's Dark Lake",1073,0.12,13
"1074",1074,"Stewart's Dark Lake",1074,0.12,14
"1075",1075,"Stewart's Dark Lake",1075,0.12,15
"1076",1076,"Stewart's Dark Lake",1076,0.12,16
"1077",1077,"Stewart's Dark Lake",1077,0.12,17
"1078",1078,"Stewart's Dark Lake",1078,0.12,18
"1079",1079,"Stewart's Dark Lake",1079,0.12,19
"1080",1080,"Stewart's Dark Lake",1080,0.12,20
"1081",1081,"Tower Lake",1081,0.12,1
"1082",1082,"Tower Lake",1082,0.12,2
"1083",1083,"Tower Lake",1083,0.12,3
"1084",1084,"Tower Lake",1084,0.12,4
"1085",1085,"Tower Lake",1085,0.12,5
"1086",1086,"Tower Lake",1086,0.12,6
"1087",1087,"Tower Lake",1087,0.12,7
"1088",1088,"Tower Lake",1088,0.12,8
"1089",1089,"Tower Lake",1089,0.12,9
"1090",1090,"Tower Lake",1090,0.12,10
"1091",1091,"Tower Lake",1091,0.12,11
"1092",1092,"Tower Lake",1092,0.12,12
"1093",1093,"Tower Lake",1093,0.12,13
"1094",1094,"Tower Lake",1094,0.12,14
"1095",1095,"Tower Lake",1095,0.12,15
"1096",1096,"Tower Lake",1096,0.12,16
"1097",1097,"Tower Lake",1097,0.12,17
"1098",1098,"Tower Lake",1098,0.12,18
"1099",1099,"Tower Lake",1099,0.12,19
"1100",1100,"Tower Lake",1100,0.12,20
"1101",1101,"Upper Graven Lake",1101,0.12,1
"1102",1102,"Upper Graven Lake",1102,0.12,2
"1103",1103,"Upper Graven Lake",1103,0.12,3
"1104",1104,"Upper Graven Lake",1104,0.12,4
"1105",1105,"Upper Graven Lake",1105,0.12,5
"1106",1106,"Upper Graven Lake",1106,0.12,6
"1107",1107,"Upper Graven Lake",1107,0.12,7
"1108",1108,"Upper Graven Lake",1108,0.12,8
"1109",1109,"Upper Graven Lake",1109,0.12,9
"1110",1110,"Upper Graven Lake",1110,0.12,10
"1111",1111,"Upper Graven Lake",1111,0.12,11
"1112",1112,"Upper Graven Lake",1112,0.12,12
"1113",1113,"Upper Graven Lake",1113,0.12,13
"1114",1114,"Upper Graven Lake",1114,0.12,14
"1115",1115,"Upper Graven Lake",1115,0.12,15
"1116",1116,"Upper Graven Lake",1116,0.12,16
"1117",1117,"Upper Graven Lake",1117,0.12,17
"1118",1118,"Upper Graven Lake",1118,0.12,18
"1119",1119,"Upper Graven Lake",1119,0.12,19
"1120",1120,"Upper Graven Lake",1120,0.12,20
"1121",1121,"West Olaf Lake",1121,0.12,1
"1122",1122,"West Olaf Lake",1122,0.12,2
"1123",1123,"West Olaf Lake",1123,0.12,3
"1124",1124,"West Olaf Lake",1124,0.12,4
"1125",1125,"West Olaf Lake",1125,0.12,5
"1126",1126,"West Olaf Lake",1126,0.12,6
"1127",1127,"West Olaf Lake",1127,0.12,7
"1128",1128,"West Olaf Lake",1128,0.12,8
"1129",1129,"West Olaf Lake",1129,0.12,9
"1130",1130,"West Olaf Lake",1130,0.12,10
"1131",1131,"West Olaf Lake",1131,0.12,11
"1132",1132,"West Olaf Lake",1132,0.12,12
"1133",1133,"West Olaf Lake",1133,0.12,13
"1134",1134,"West Olaf Lake",1134,0.12,14
"1135",1135,"West Olaf Lake",1135,0.12,15
"1136",1136,"West Olaf Lake",1136,0.12,16
"1137",1137,"West Olaf Lake",1137,0.12,17
"1138",1138,"West Olaf Lake",1138,0.12,18
"1139",1139,"West Olaf Lake",1139,0.12,19
"1140",1140,"West Olaf Lake",1140,0.12,20
"1141",1141,"Williams Lake",1141,0.12,1
"1142",1142,"Williams Lake",1142,0.12,2
"1143",1143,"Williams Lake",1143,0.12,3
"1144",1144,"Williams Lake",1144,0.12,4
"1145",1145,"Williams Lake",1145,0.12,5
"1146",1146,"Williams Lake",1146,0.12,6
"1147",1147,"Williams Lake",1147,0.12,7
"1148",1148,"Williams Lake",1148,0.12,8
"1149",1149,"Williams Lake",1149,0.12,9
"1150",1150,"Williams Lake",1150,0.12,10
"1151",1151,"Williams Lake",1151,0.12,11
"1152",1152,"Williams Lake",1152,0.12,12
"1153",1153,"Williams Lake",1153,0.12,13
"1154",1154,"Williams Lake",1154,0.12,14
"1155",1155,"Williams Lake",1155,0.12,15
"1156",1156,"Williams Lake",1156,0.12,16
"1157",1157,"Williams Lake",1157,0.12,17
"1158",1158,"Williams Lake",1158,0.12,18
"1159",1159,"Williams Lake",1159,0.12,19
"1160",1160,"Williams Lake",1160,0.12,20
"1161",1161,"Wintergreen Lake",1161,0.12,1
"1162",1162,"Wintergreen Lake",1162,0.12,2
"1163",1163,"Wintergreen Lake",1163,0.12,3
"1164",1164,"Wintergreen Lake",1164,0.12,4
"1165",1165,"Wintergreen Lake",1165,0.12,5
"1166",1166,"Wintergreen Lake",1166,0.12,6
"1167",1167,"Wintergreen Lake",1167,0.12,7
"1168",1168,"Wintergreen Lake",1168,0.12,8
"1169",1169,"Wintergreen Lake",1169,0.12,9
"1170",1170,"Wintergreen Lake",1170,0.12,10
"1171",1171,"Wintergreen Lake",1171,0.12,11
"1172",1172,"Wintergreen Lake",1172,0.12,12
"1173",1173,"Wintergreen Lake",1173,0.12,13
"1174",1174,"Wintergreen Lake",1174,0.12,14
"1175",1175,"Wintergreen Lake",1175,0.12,15
"1176",1176,"Wintergreen Lake",1176,0.12,16
"1177",1177,"Wintergreen Lake",1177,0.12,17
"1178",1178,"Wintergreen Lake",1178,0.12,18
"1179",1179,"Wintergreen Lake",1179,0.12,19
"1180",1180,"Wintergreen Lake",1180,0.12,20
"1181",1181,"Wolverine Lake",1181,0.12,1
"1182",1182,"Wolverine Lake",1182,0.12,2
"1183",1183,"Wolverine Lake",1183,0.12,3
"1184",1184,"Wolverine Lake",1184,0.12,4
"1185",1185,"Wolverine Lake",1185,0.12,5
"1186",1186,"Wolverine Lake",1186,0.12,6
"1187",1187,"Wolverine Lake",1187,0.12,7
"1188",1188,"Wolverine Lake",1188,0.12,8
"1189",1189,"Wolverine Lake",1189,0.12,9
"1190",1190,"Wolverine Lake",1190,0.12,10
"1191",1191,"Wolverine Lake",1191,0.12,11
"1192",1192,"Wolverine Lake",1192,0.12,12
"1193",1193,"Wolverine Lake",1193,0.12,13
"1194",1194,"Wolverine Lake",1194,0.12,14
"1195",1195,"Wolverine Lake",1195,0.12,15
"1196",1196,"Wolverine Lake",1196,0.12,16
"1197",1197,"Wolverine Lake",1197,0.12,17
"1198",1198,"Wolverine Lake",1198,0.12,18
"1199",1199,"Wolverine Lake",1199,0.12,19
"1200",1200,"Wolverine Lake",1200,0.12,20
"1201",1201,"Wood Lake",1201,0.12,1
"1202",1202,"Wood Lake",1202,0.12,2
"1203",1203,"Wood Lake",1203,0.12,3
"1204",1204,"Wood Lake",1204,0.12,4
"1205",1205,"Wood Lake",1205,0.12,5
"1206",1206,"Wood Lake",1206,0.12,6
"1207",1207,"Wood Lake",1207,0.12,7
"1208",1208,"Wood Lake",1208,0.12,8
"1209",1209,"Wood Lake",1209,0.12,9
"1210",1210,"Wood Lake",1210,0.12,10
"1211",1211,"Wood Lake",1211,0.12,11
"1212",1212,"Wood Lake",1212,0.12,12
"1213",1213,"Wood Lake",1213,0.12,13
"1214",1214,"Wood Lake",1214,0.12,14
"1215",1215,"Wood Lake",1215,0.12,15
"1216",1216,"Wood Lake",1216,0.12,16
"1217",1217,"Wood Lake",1217,0.12,17
"1218",1218,"Wood Lake",1218,0.12,18
"1219",1219,"Wood Lake",1219,0.12,19
"1220",1220,"Wood Lake",1220,0.12,20
"1221",1221,"Yellow Dog Pond",1221,0.12,1
"1222",1222,"Yellow Dog Pond",1222,0.12,2
"1223",1223,"Yellow Dog Pond",1223,0.12,3
"1224",1224,"Yellow Dog Pond",1224,0.12,4
"1225",1225,"Yellow Dog Pond",1225,0.12,5
"1226",1226,"Yellow Dog Pond",1226,0.12,6
"1227",1227,"Yellow Dog Pond",1227,0.12,7
"1228",1228,"Yellow Dog Pond",1228,0.12,8
"1229",1229,"Yellow Dog Pond",1229,0.12,9
"1230",1230,"Yellow Dog Pond",1230,0.12,10
"1231",1231,"Yellow Dog Pond",1231,0.12,11
"1232",1232,"Yellow Dog Pond",1232,0.12,12
"1233",1233,"Yellow Dog Pond",1233,0.12,13
"1234",1234,"Yellow Dog Pond",1234,0.12,14
"1235",1235,"Yellow Dog Pond",1235,0.12,15
"1236",1236,"Yellow Dog Pond",1236,0.12,16
"1237",1237,"Yellow Dog Pond",1237,0.12,17
"1238",1238,"Yellow Dog Pond",1238,0.12,18
"1239",1239,"Yellow Dog Pond",1239,0.12,19
"1240",1240,"Yellow Dog Pond",1240,0.12,20
